s,Position 0 mean energy/h (GHz),Position 0 uncertainty in mean energy/h (GHz),Position 0 standard deviation in energy/h (GHz),Position 1 mean energy/h (GHz),Position 1 uncertainty in mean energy/h (GHz),Position 1 standard deviation in energy/h (GHz),Position 2 mean energy/h (GHz),Position 2 uncertainty in mean energy/h (GHz),Position 2 standard deviation in energy/h (GHz),Position 3 mean energy/h (GHz),Position 3 uncertainty in mean energy/h (GHz),Position 3 standard deviation in energy/h (GHz),Position 4 mean energy/h (GHz),Position 4 uncertainty in mean energy/h (GHz),Position 4 standard deviation in energy/h (GHz),Position 5 mean energy/h (GHz),Position 5 uncertainty in mean energy/h (GHz),Position 5 standard deviation in energy/h (GHz),Position 6 mean energy/h (GHz),Position 6 uncertainty in mean energy/h (GHz),Position 6 standard deviation in energy/h (GHz),Position 7 mean energy/h (GHz),Position 7 uncertainty in mean energy/h (GHz),Position 7 standard deviation in energy/h (GHz)
0.1,5.343,0.006,0.096,5.46,0.008,0.115,5.336,0.006,0.093,5.459,0.007,0.101,5.551,0.005,0.082,5.477,0.005,0.072,5.555,0.005,0.078,5.466,0.005,0.074
0.15,4.167,0.006,0.088,4.26,0.006,0.101,4.161,0.007,0.104,4.254,0.007,0.106,4.401,0.004,0.069,4.337,0.004,0.07,4.398,0.004,0.069,4.33,0.004,0.063
0.18,3.627,0.006,0.092,3.711,0.006,0.103,3.625,0.006,0.096,3.712,0.007,0.106,3.886,0.004,0.067,3.817,0.004,0.065,3.888,0.004,0.059,3.819,0.004,0.057
0.19,3.424,0.005,0.085,3.51,0.007,0.105,3.416,0.006,0.098,3.505,0.006,0.104,3.676,0.004,0.069,3.602,0.004,0.061,3.67,0.004,0.064,3.606,0.004,0.061
0.2,3.292,0.005,0.087,3.376,0.007,0.108,3.29,0.006,0.1,3.375,0.007,0.106,3.541,0.004,0.068,3.478,0.004,0.063,3.544,0.004,0.064,3.48,0.004,0.059
0.21,3.118,0.006,0.095,3.194,0.007,0.115,3.122,0.007,0.104,3.195,0.007,0.107,3.359,0.004,0.065,3.288,0.003,0.055,3.362,0.004,0.063,3.303,0.004,0.058
0.22,2.982,0.006,0.091,3.066,0.007,0.107,2.971,0.006,0.097,3.058,0.007,0.111,3.246,0.004,0.067,3.178,0.004,0.058,3.24,0.004,0.06,3.18,0.004,0.06
0.23,2.828,0.006,0.095,2.896,0.007,0.11,2.814,0.006,0.099,2.893,0.007,0.107,3.083,0.004,0.066,3.019,0.004,0.059,3.087,0.004,0.06,3.02,0.004,0.059
0.24,2.689,0.006,0.096,2.753,0.007,0.107,2.685,0.006,0.1,2.756,0.007,0.112,2.955,0.004,0.061,2.895,0.004,0.058,2.951,0.004,0.06,2.894,0.003,0.055
0.26,2.42,0.006,0.102,2.495,0.007,0.116,2.402,0.007,0.108,2.483,0.007,0.12,2.681,0.004,0.072,2.627,0.004,0.067,2.681,0.004,0.063,2.626,0.004,0.062
